count;body1_array;body2_array;body3_array;body1_pointers;body2_pointers;body3_pointers;body1_virtual;body2_virtual;body3_virtual;body3_soa;body3_merged_soa;body1_query;body2_query;body3_query;body1_system;body2_system;body3_system;Sun Dec 15 00:58:47 2024
1;0.0003;0.0003;0.0002;0.0001;0;0.0001;0.0001;0.0001;0.0001;0.0001;0.0001;0.0004;0.0002;0.0003;0.0001;0.0002;0.0001;
11;0.0003;0.0006;0.0004;0.0002;0.0002;0.0002;0.0002;0.0002;0.0002;0.0001;0.0002;0.0004;0.0003;0.0004;0.0002;0.0003;0.0003;
21;0.0004;0.0004;0.0005;0.0001;0.0002;0.0002;0.0003;0.0003;0.0004;0.0003;0.0003;0.0005;0.0004;0.0006;0.0002;0.0003;0.0008;
31;0.0006;0.0007;0.0006;0.0002;0.0004;0.0005;0.0004;0.0006;0.0007;0.0006;0.0005;0.0006;0.0005;0.0006;0.0006;0.0005;0.0006;
41;0.0009;0.0007;0.0009;0.0004;0.0004;0.0004;0.0006;0.0005;0.0007;0.0005;0.0004;0.0004;0.0004;0.0006;0.0003;0.0005;0.0005;
51;0.0006;0.0006;0.001;0.0003;0.0004;0.0005;0.0008;0.0008;0.0008;0.0006;0.0007;0.0003;0.0004;0.0005;0.0002;0.0004;0.0011;
61;0.0006;0.0008;0.001;0.0006;0.0005;0.0006;0.0008;0.0014;0.0015;0.0006;0.0007;0.0004;0.0003;0.0004;0.0004;0.0005;0.0008;
71;0.0007;0.0007;0.0013;0.0004;0.0005;0.0006;0.0009;0.0009;0.0013;0.0007;0.0007;0.0003;0.0007;0.0008;0.0005;0.0007;0.0009;
81;0.0014;0.0014;0.0038;0.0005;0.0007;0.0011;0.0009;0.0013;0.0017;0.001;0.0009;0.0006;0.0005;0.0007;0.0004;0.0006;0.0008;
91;0.001;0.0011;0.0063;0.0008;0.001;0.0008;0.0011;0.0011;0.0014;0.0008;0.0013;0.0005;0.0005;0.0006;0.0007;0.0011;0.0009;
101;0.0009;0.0012;0.0014;0.0005;0.0008;0.0009;0.0011;0.0012;0.0016;0.0009;0.001;0.0007;0.0005;0.0008;0.0004;0.0006;0.0008;
111;0.0008;0.003;0.0014;0.0005;0.0008;0.001;0.0013;0.0014;0.0018;0.001;0.001;0.0005;0.0006;0.0006;0.0006;0.0009;0.0011;
121;0.001;0.0013;0.0018;0.001;0.0008;0.001;0.0013;0.0014;0.0019;0.001;0.001;0.0007;0.0009;0.0009;0.0007;0.0012;0.0018;
131;0.0033;0.002;0.0046;0.0006;0.0009;0.0011;0.0014;0.0021;0.0025;0.0013;0.0012;0.0007;0.0006;0.0007;0.0007;0.0014;0.0011;
141;0.0014;0.0012;0.003;0.0011;0.0009;0.0011;0.0016;0.0017;0.0022;0.0012;0.0014;0.0007;0.0006;0.0008;0.0008;0.0009;0.0013;
151;0.0014;0.0013;0.0047;0.0007;0.001;0.0012;0.0017;0.0017;0.0023;0.0013;0.0016;0.0005;0.0006;0.0011;0.0005;0.001;0.0013;
161;0.0012;0.0013;0.0047;0.0007;0.0012;0.0012;0.0018;0.0019;0.0024;0.0014;0.0013;0.0007;0.0011;0.0011;0.0007;0.001;0.0014;
171;0.0013;0.0037;0.0019;0.0012;0.0012;0.0025;0.0034;0.0034;0.0038;0.0024;0.0014;0.0008;0.0012;0.0012;0.0006;0.0011;0.0017;
181;0.0022;0.0019;0.0027;0.0008;0.0013;0.0014;0.002;0.0021;0.0024;0.0015;0.0019;0.0007;0.0006;0.0012;0.0006;0.0014;0.0014;
191;0.002;0.0044;0.0025;0.0008;0.0012;0.0014;0.0021;0.0021;0.0027;0.0016;0.0017;0.0007;0.0012;0.0011;0.0005;0.0019;0.0025;
201;0.0012;0.0017;0.0022;0.0009;0.0013;0.0016;0.0021;0.0023;0.0029;0.0017;0.0015;0.0006;0.0007;0.0012;0.0004;0.0012;0.0023;
211;0.0014;0.0039;0.0027;0.0009;0.0014;0.0017;0.0023;0.0024;0.0031;0.0018;0.0016;0.001;0.0009;0.0017;0.0009;0.0019;0.0034;
221;0.0024;0.002;0.0075;0.0009;0.0015;0.0081;0.0044;0.0029;0.003;0.0018;0.0019;0.0008;0.0008;0.0011;0.0005;0.0011;0.003;
231;0.0018;0.0031;0.0069;0.001;0.0015;0.0018;0.0024;0.0026;0.0033;0.002;0.0019;0.0007;0.0008;0.0012;0.0005;0.0014;0.0018;
241;0.0031;0.0021;0.0072;0.0012;0.0016;0.0019;0.0025;0.0027;0.0035;0.002;0.0018;0.0008;0.0009;0.0012;0.0005;0.0012;0.0019;
251;0.0016;0.0021;0.0062;0.0011;0.0017;0.002;0.0025;0.0028;0.004;0.0021;0.0019;0.0007;0.0008;0.0017;0.0005;0.0022;0.002;
261;0.0027;0.0024;0.0071;0.0011;0.0017;0.0039;0.0039;0.0046;0.0056;0.0035;0.0037;0.001;0.001;0.0019;0.0008;0.0014;0.0021;
271;0.0036;0.0021;0.006;0.0012;0.0018;0.0022;0.0028;0.0031;0.0042;0.0023;0.0022;0.0008;0.0008;0.0012;0.0006;0.0013;0.0021;
281;0.0033;0.0023;0.0066;0.0012;0.0019;0.0022;0.003;0.0031;0.0039;0.0023;0.0021;0.0009;0.0009;0.0013;0.0005;0.0014;0.0022;
291;0.0037;0.0061;0.0037;0.0013;0.0019;0.0041;0.0033;0.0037;0.0044;0.0024;0.0022;0.0007;0.0009;0.0023;0.0009;0.0017;0.0023;
301;0.0059;0.006;0.0066;0.0019;0.0031;0.0024;0.0038;0.0037;0.0073;0.0039;0.0041;0.0019;0.0013;0.0017;0.0007;0.0016;0.0024;
311;0.0052;0.0028;0.0085;0.0013;0.0021;0.0038;0.0034;0.0035;0.0042;0.0026;0.0025;0.0007;0.0012;0.0015;0.0007;0.0016;0.0024;
321;0.0036;0.0053;0.0073;0.0013;0.0024;0.0025;0.0034;0.0036;0.0043;0.0027;0.0024;0.0009;0.001;0.0014;0.0008;0.0023;0.0023;
331;0.0033;0.0028;0.0062;0.0014;0.0022;0.0026;0.0034;0.0037;0.0045;0.0027;0.0026;0.0011;0.0011;0.0023;0.0008;0.0017;0.0026;
341;0.0036;0.0053;0.0098;0.0014;0.0023;0.0027;0.0056;0.0038;0.0044;0.0028;0.0061;0.0011;0.0015;0.0016;0.0007;0.0018;0.0026;
351;0.0046;0.0029;0.0082;0.0014;0.0025;0.0028;0.0036;0.0039;0.0046;0.0029;0.0025;0.001;0.0011;0.0015;0.0007;0.0017;0.0027;
361;0.0032;0.0063;0.0051;0.0015;0.0024;0.0028;0.0039;0.0041;0.0049;0.0029;0.0025;0.0009;0.001;0.0016;0.0008;0.0018;0.0028;
371;0.0042;0.007;0.0084;0.0015;0.0025;0.0055;0.0073;0.0072;0.0053;0.003;0.0039;0.0014;0.0017;0.0025;0.0013;0.002;0.0031;
381;0.0029;0.0092;0.0061;0.0016;0.0025;0.003;0.0039;0.0043;0.0055;0.0031;0.0028;0.0012;0.0012;0.0027;0.001;0.002;0.0026;
391;0.0061;0.0031;0.0098;0.0019;0.0028;0.0031;0.0044;0.0044;0.0056;0.0031;0.0028;0.001;0.0013;0.0027;0.0009;0.0033;0.003;
401;0.0047;0.006;0.0043;0.0016;0.0026;0.0032;0.0041;0.0044;0.0055;0.0033;0.0028;0.0016;0.0018;0.0022;0.0009;0.002;0.005;
411;0.0037;0.0107;0.0094;0.003;0.0027;0.006;0.0073;0.0046;0.0055;0.0055;0.003;0.0013;0.0013;0.0017;0.0009;0.0032;0.0034;
421;0.0046;0.0064;0.0085;0.0017;0.0028;0.0033;0.0048;0.0047;0.0061;0.0034;0.0031;0.001;0.0016;0.0024;0.0009;0.002;0.003;
431;0.0039;0.0065;0.0061;0.0018;0.0028;0.0034;0.0046;0.0048;0.0059;0.0035;0.0029;0.0012;0.0014;0.0025;0.001;0.0037;0.0032;
441;0.0055;0.0079;0.0127;0.0031;0.0029;0.0067;0.0045;0.0085;0.0103;0.0058;0.0059;0.0015;0.0013;0.0028;0.0017;0.0024;0.0053;
451;0.0076;0.0071;0.0129;0.0018;0.003;0.0036;0.0046;0.0051;0.0061;0.0036;0.0033;0.0011;0.0014;0.0019;0.0008;0.0022;0.0031;
461;0.0043;0.0041;0.0053;0.0019;0.003;0.0041;0.0051;0.0052;0.0067;0.0037;0.0032;0.001;0.0015;0.0022;0.0008;0.0039;0.0034;
471;0.0055;0.0081;0.0076;0.0019;0.003;0.0038;0.0052;0.0052;0.0064;0.0038;0.0033;0.0017;0.0022;0.0023;0.0015;0.0024;0.0049;
481;0.0069;0.0039;0.0062;0.0019;0.005;0.0074;0.005;0.0054;0.0064;0.0041;0.0035;0.0013;0.0014;0.002;0.0011;0.0041;0.0035;
491;0.0058;0.0047;0.0065;0.002;0.0032;0.004;0.0051;0.0055;0.0067;0.004;0.0034;0.0012;0.0015;0.002;0.0009;0.0024;0.0034;
501;0.005;0.0068;0.0066;0.0035;0.0032;0.004;0.0055;0.0056;0.0068;0.004;0.0035;0.0011;0.0013;0.0033;0.0011;0.0025;0.0061;
511;0.0077;0.0123;0.0166;0.0035;0.005;0.0041;0.0054;0.0057;0.0068;0.007;0.0045;0.0012;0.0017;0.0024;0.0009;0.0024;0.0042;
521;0.0053;0.0122;0.0156;0.0038;0.0053;0.0084;0.0054;0.0057;0.0076;0.0042;0.0037;0.0012;0.0014;0.0021;0.001;0.0025;0.0041;
531;0.0051;0.0069;0.0114;0.0025;0.0037;0.0042;0.0055;0.0059;0.0069;0.0043;0.0036;0.0018;0.0018;0.0032;0.0011;0.0026;0.0072;
541;0.0047;0.0122;0.0154;0.0124;0.0055;0.0044;0.0083;0.0099;0.0073;0.0043;0.0076;0.0014;0.0016;0.0025;0.0009;0.0025;0.004;
551;0.007;0.0086;0.0133;0.0022;0.0036;0.0045;0.0056;0.0061;0.0077;0.0045;0.004;0.0014;0.0017;0.0025;0.0009;0.0026;0.004;
561;0.0063;0.0098;0.0119;0.0023;0.0037;0.0044;0.0058;0.0063;0.0077;0.0045;0.0038;0.0016;0.0016;0.0036;0.0015;0.0038;0.0068;
571;0.0063;0.0044;0.0183;0.0038;0.006;0.0092;0.01;0.0109;0.0077;0.0072;0.0041;0.0014;0.0021;0.0024;0.002;0.0028;0.0039;
581;0.0072;0.0045;0.0134;0.003;0.004;0.0048;0.0064;0.0065;0.0132;0.0047;0.0041;0.0015;0.0018;0.0024;0.001;0.0027;0.0042;
591;0.0069;0.0069;0.0143;0.0024;0.0042;0.0049;0.0062;0.0068;0.0122;0.0048;0.004;0.0014;0.0019;0.0028;0.001;0.0028;0.0044;
601;0.0082;0.0098;0.0147;0.0024;0.0039;0.0049;0.0061;0.0066;0.0116;0.0049;0.0044;0.0013;0.0019;0.0027;0.001;0.0028;0.0048;
611;0.0069;0.0074;0.0125;0.0024;0.0039;0.0051;0.0063;0.007;0.0085;0.0049;0.0041;0.001;0.0023;0.0028;0.0013;0.0029;0.0046;
621;0.0069;0.0059;0.0096;0.0025;0.0041;0.0054;0.0064;0.007;0.0084;0.005;0.0042;0.0014;0.0024;0.0024;0.0014;0.0044;0.0045;
631;0.0083;0.0101;0.0147;0.0037;0.0052;0.0051;0.0065;0.0114;0.011;0.007;0.0083;0.0014;0.0024;0.0034;0.0011;0.0029;0.0043;
641;0.0062;0.0102;0.0124;0.0031;0.0044;0.0052;0.0069;0.0073;0.009;0.0051;0.0044;0.001;0.002;0.0028;0.001;0.0029;0.0043;
651;0.0061;0.0102;0.013;0.0026;0.0043;0.0054;0.0067;0.0074;0.0087;0.0052;0.0044;0.0014;0.0024;0.0036;0.0014;0.0031;0.0058;
661;0.0094;0.0104;0.0149;0.0028;0.0043;0.0056;0.0071;0.0075;0.0093;0.0054;0.005;0.0013;0.0021;0.0026;0.0011;0.003;0.0044;
671;0.0059;0.0107;0.0159;0.0028;0.0048;0.0056;0.0073;0.0077;0.0092;0.0055;0.0046;0.001;0.0021;0.0034;0.0014;0.0033;0.0048;
681;0.0078;0.0074;0.0135;0.0029;0.0045;0.0058;0.0073;0.0076;0.0096;0.0055;0.0087;0.002;0.0034;0.0038;0.0021;0.0035;0.005;
691;0.0097;0.0055;0.0219;0.0029;0.0045;0.0059;0.0072;0.0077;0.0097;0.0056;0.005;0.0013;0.0021;0.0035;0.0011;0.0032;0.0049;
701;0.0066;0.0048;0.0134;0.0028;0.0046;0.0061;0.0072;0.0078;0.0099;0.0056;0.0048;0.0016;0.0021;0.0032;0.0014;0.0033;0.0047;
711;0.0081;0.0058;0.0148;0.0029;0.0047;0.0063;0.0073;0.0083;0.0102;0.0057;0.0048;0.0021;0.0025;0.0034;0.0017;0.0035;0.0055;
721;0.0109;0.0118;0.0152;0.0029;0.0048;0.0064;0.0076;0.0081;0.0106;0.0058;0.0049;0.0022;0.0024;0.0034;0.0012;0.0036;0.0052;
731;0.0076;0.0049;0.0156;0.003;0.0049;0.0065;0.0074;0.0082;0.0104;0.0058;0.0049;0.002;0.002;0.0033;0.0014;0.0034;0.0052;
741;0.0144;0.0161;0.017;0.003;0.0051;0.0069;0.0077;0.0086;0.0106;0.006;0.0049;0.0025;0.005;0.0063;0.002;0.0061;0.0102;
751;0.0109;0.0064;0.0182;0.0032;0.005;0.0069;0.008;0.0087;0.0105;0.006;0.0052;0.0015;0.0023;0.0034;0.0018;0.0036;0.005;
761;0.0084;0.0062;0.0165;0.0032;0.005;0.0069;0.0078;0.0088;0.0112;0.0061;0.0051;0.0024;0.0024;0.0038;0.0015;0.0068;0.0084;
771;0.0085;0.0153;0.0223;0.0032;0.0051;0.0068;0.008;0.0137;0.0157;0.0076;0.0089;0.0012;0.0018;0.0029;0.0012;0.0036;0.0051;
781;0.0067;0.012;0.0163;0.0031;0.0052;0.0072;0.0084;0.009;0.0114;0.0062;0.0053;0.0016;0.0023;0.0054;0.0016;0.0037;0.0081;
791;0.012;0.0131;0.0196;0.0033;0.0053;0.0073;0.0083;0.0093;0.0117;0.0063;0.0052;0.0025;0.0024;0.0055;0.0013;0.0039;0.0073;
801;0.0107;0.0169;0.0269;0.0031;0.0055;0.0073;0.0083;0.0092;0.0119;0.0064;0.0057;0.0017;0.002;0.0033;0.0012;0.004;0.0056;
811;0.0079;0.0103;0.016;0.0035;0.0056;0.0075;0.0084;0.0093;0.0151;0.0066;0.0055;0.0012;0.0025;0.0032;0.0016;0.0038;0.0054;
821;0.0076;0.0117;0.0171;0.0037;0.0057;0.0075;0.0086;0.0098;0.0118;0.0065;0.0055;0.0024;0.0038;0.0054;0.0021;0.0048;0.0084;
831;0.0108;0.0147;0.027;0.0034;0.0058;0.0076;0.0088;0.0098;0.012;0.0067;0.0056;0.0013;0.0029;0.0038;0.0012;0.0037;0.0055;
841;0.009;0.0154;0.0169;0.0033;0.0059;0.0078;0.0086;0.01;0.0124;0.0067;0.0056;0.0015;0.002;0.0034;0.002;0.004;0.0103;
851;0.0085;0.017;0.0332;0.0036;0.006;0.0132;0.0162;0.0102;0.0176;0.0083;0.0126;0.0017;0.0025;0.0039;0.0016;0.004;0.0061;
861;0.0117;0.0159;0.0291;0.0065;0.0059;0.0082;0.0088;0.0105;0.0135;0.0069;0.0059;0.0018;0.0022;0.0053;0.0017;0.004;0.0065;
871;0.013;0.0154;0.0196;0.0034;0.0059;0.0082;0.0089;0.0102;0.0132;0.0069;0.0058;0.0015;0.0031;0.0048;0.0015;0.0056;0.0071;
881;0.0188;0.0218;0.0183;0.0034;0.0061;0.0084;0.0129;0.0112;0.0135;0.007;0.0059;0.0021;0.0027;0.004;0.0013;0.0039;0.0152;
891;0.0128;0.0161;0.0277;0.0036;0.0062;0.0085;0.0091;0.0129;0.0136;0.0071;0.006;0.0022;0.0024;0.0052;0.0013;0.0062;0.0109;
901;0.0136;0.0188;0.0286;0.0036;0.0062;0.0086;0.0092;0.0113;0.0137;0.0072;0.0109;0.0014;0.0027;0.0038;0.0013;0.004;0.006;
911;0.014;0.0124;0.0205;0.0038;0.0063;0.0089;0.0093;0.0112;0.0138;0.0073;0.0061;0.0013;0.0033;0.0042;0.0014;0.0041;0.0061;
921;0.0094;0.0122;0.0187;0.0036;0.0065;0.0091;0.0096;0.0112;0.0141;0.0074;0.0093;0.0049;0.004;0.0061;0.0024;0.0073;0.0109;
931;0.0099;0.0289;0.0295;0.0037;0.0066;0.009;0.0096;0.0116;0.0142;0.0075;0.0066;0.0017;0.0034;0.0038;0.0026;0.0045;0.0066;
941;0.0109;0.0188;0.0187;0.0038;0.0067;0.0092;0.0096;0.0115;0.0143;0.0075;0.007;0.0028;0.0043;0.0062;0.0024;0.0064;0.0087;
951;0.0113;0.0221;0.022;0.0039;0.0068;0.0093;0.0098;0.0118;0.0143;0.0076;0.0065;0.0015;0.0023;0.0043;0.0018;0.0044;0.0066;
961;0.0103;0.0163;0.0181;0.0043;0.0071;0.0095;0.0099;0.0123;0.0149;0.0077;0.0068;0.0017;0.0027;0.004;0.0018;0.0045;0.0064;
971;0.0121;0.0209;0.0149;0.0039;0.007;0.0097;0.01;0.0123;0.0148;0.0082;0.0148;0.0023;0.0032;0.0044;0.0019;0.0045;0.0069;
981;0.0176;0.0225;0.0308;0.0054;0.0072;0.0099;0.0102;0.0125;0.0152;0.0078;0.0065;0.0017;0.0027;0.0041;0.0017;0.0045;0.0065;
991;0.01;0.0168;0.0127;0.0042;0.0074;0.0099;0.0104;0.0126;0.0156;0.0079;0.007;0.0039;0.0038;0.0082;0.0029;0.0052;0.0131;
1000;0.0116;0.0225;0.0222;0.0041;0.0075;0.0103;0.0106;0.0125;0.0156;0.008;0.0067;0.0015;0.0036;0.0038;0.0018;0.0047;0.007;
2000;0.026;0.0227;0.0327;0.0109;0.0194;0.0246;0.0247;0.0304;0.0356;0.0161;0.018;0.0034;0.0051;0.0142;0.003;0.009;0.0181;
3000;0.0357;0.0457;0.0438;0.0249;0.0315;0.0381;0.04;0.0485;0.0566;0.0238;0.0281;0.0059;0.0164;0.0272;0.0087;0.0198;0.0283;
4000;0.0617;0.0488;0.0866;0.0296;0.0444;0.0524;0.0541;0.0665;0.0775;0.0316;0.0359;0.0087;0.0222;0.0444;0.0103;0.0221;0.0503;
5000;0.0911;0.1016;0.0751;0.0383;0.0562;0.0677;0.0709;0.0849;0.1004;0.0402;0.0469;0.0111;0.0181;0.0399;0.0101;0.026;0.0476;
6000;0.0657;0.0911;0.0877;0.0478;0.0703;0.0839;0.0852;0.1061;0.124;0.048;0.0542;0.0153;0.0207;0.0477;0.0123;0.0307;0.0551;
7000;0.0824;0.1061;0.1478;0.0541;0.0835;0.0995;0.1058;0.1267;0.1488;0.0583;0.0845;0.0219;0.0262;0.0556;0.0142;0.0358;0.0697;
8000;0.0961;0.0902;0.2396;0.0667;0.0991;0.1164;0.1189;0.1477;0.1734;0.0638;0.0711;0.0243;0.0288;0.0646;0.0131;0.0395;0.0747;
9000;0.1118;0.1632;0.1491;0.0788;0.1124;0.1335;0.1368;0.1699;0.2014;0.0734;0.0837;0.0214;0.0308;0.0666;0.0147;0.0448;0.0807;
10000;0.1073;0.1039;0.222;0.0907;0.1515;0.1482;0.1529;0.1905;0.2192;0.082;0.0914;0.0212;0.0339;0.0822;0.0162;0.0686;0.1011;
11000;0.1273;0.1123;0.2353;0.0943;0.1428;0.1635;0.17;0.212;0.2528;0.0947;0.1358;0.034;0.0373;0.0799;0.0178;0.0539;0.0983;
12000;0.1271;0.2202;0.1645;0.1041;0.1536;0.1859;0.188;0.2358;0.2726;0.0981;0.1087;0.0333;0.0584;0.1048;0.0198;0.0599;0.1071;
13000;0.1493;0.2222;0.1834;0.1116;0.1708;0.205;0.2061;0.2726;0.303;0.1064;0.125;0.0309;0.0562;0.112;0.0215;0.0638;0.119;
14000;0.1529;0.169;0.3084;0.1207;0.1857;0.2269;0.2255;0.2861;0.3211;0.1124;0.141;0.0303;0.049;0.102;0.023;0.074;0.1284;
15000;0.2007;0.2576;0.367;0.1341;0.1969;0.2424;0.3674;0.2953;0.3439;0.122;0.144;0.0401;0.0559;0.1189;0.0314;0.076;0.1497;
16000;0.1985;0.3062;0.4016;0.1379;0.2132;0.261;0.2591;0.3223;0.3796;0.1959;0.1436;0.0431;0.1101;0.1416;0.0267;0.0842;0.2458;
17000;0.2231;0.3377;0.2743;0.1478;0.2797;0.3271;0.2759;0.3388;0.42;0.1359;0.1675;0.0436;0.086;0.1565;0.0279;0.0893;0.1564;
18000;0.2135;0.2924;0.2705;0.1644;0.2413;0.3443;0.2945;0.3656;0.4805;0.1474;0.1596;0.0368;0.07;0.1544;0.038;0.0918;0.1672;
19000;0.2263;0.2592;0.4668;0.172;0.2553;0.364;0.3652;0.3834;0.4855;0.1508;0.1794;0.0411;0.0686;0.1378;0.0305;0.0934;0.1715;
20000;0.2342;0.2892;0.5043;0.1791;0.4359;0.4271;0.3328;0.415;0.5619;0.1601;0.1846;0.0429;0.0665;0.1456;0.0324;0.0998;0.178;
21000;0.2405;0.3247;0.4626;0.1886;0.2841;0.4364;0.3455;0.4369;0.5945;0.1728;0.1999;0.0559;0.0754;0.1809;0.034;0.1161;0.2052;
22000;0.2479;0.3535;0.4516;0.1976;0.3076;0.4654;0.3669;0.4639;0.6364;0.1876;0.2058;0.0721;0.0911;0.1781;0.0575;0.1533;0.2552;
23000;0.3634;0.5379;0.6641;0.2111;0.39;0.6942;0.3698;0.5634;0.7196;0.1823;0.2217;0.0565;0.1033;0.193;0.0393;0.1496;0.2247;
24000;0.289;0.4332;0.4727;0.2242;0.3597;0.5888;0.3957;0.5278;0.721;0.1938;0.2182;0.1139;0.1108;0.2973;0.0521;0.1515;0.2325;
25000;0.4243;0.389;0.4665;0.2312;0.417;0.5234;0.4146;0.6295;0.6989;0.2024;0.2376;0.0753;0.1082;0.2175;0.0404;0.1311;0.2386;
26000;0.3072;0.3956;0.4712;0.2387;0.579;0.6126;0.453;0.638;0.7799;0.2062;0.2667;0.0728;0.0985;0.1902;0.0662;0.1405;0.273;
27000;0.2889;0.4499;0.7315;0.2673;0.4499;0.7858;0.4408;0.6872;0.81;0.2081;0.2699;0.0639;0.0925;0.1998;0.0455;0.1562;0.2681;
28000;0.3018;0.4331;0.5265;0.2576;0.4677;0.6162;0.4814;0.6931;0.9686;0.2282;0.2656;0.0768;0.1232;0.2499;0.0457;0.1451;0.2679;
29000;0.3166;0.4486;0.5572;0.2703;0.556;0.6893;0.4909;0.7355;0.8712;0.2294;0.2916;0.0937;0.1334;0.2827;0.0617;0.1514;0.2741;
30000;0.2355;0.4126;0.5781;0.2906;0.6177;0.7297;0.5542;0.7795;0.9554;0.2502;0.2743;0.0639;0.1013;0.2204;0.0487;0.1473;0.2701;
31000;0.3377;0.4942;0.7114;0.2993;0.5459;0.8938;0.5369;0.8504;0.9845;0.2523;0.2921;0.0863;0.1426;0.2713;0.0547;0.1541;0.286;
32000;0.3174;0.4118;0.6429;0.3112;0.6802;0.7799;0.5839;0.8675;1.0999;0.2648;0.2949;0.0708;0.1272;0.3006;0.0611;0.1918;0.3188;
33000;0.4093;0.536;0.6443;0.3268;1.0632;1.5579;0.8065;1.172;1.3418;0.2831;0.3146;0.1029;0.1965;0.297;0.0845;0.2334;0.4412;
34000;0.3777;0.4676;0.6859;0.3384;0.7126;0.8867;0.5972;0.922;1.5017;0.2841;0.315;0.0766;0.1164;0.2591;0.0768;0.1952;0.3421;
35000;0.3786;0.4684;1.2223;0.3895;0.6622;0.9522;0.6366;1.0022;1.1199;0.3138;0.3568;0.0785;0.1355;0.3109;0.0708;0.206;0.3559;
36000;0.4597;0.5251;0.9188;0.4125;0.8015;1.2694;0.7876;1.4014;1.2113;0.4731;0.509;0.095;0.1634;0.365;0.0978;0.2363;0.5143;
37000;0.7749;0.5316;0.7387;0.4277;0.7141;0.9768;0.7141;1.0502;1.2337;0.2989;0.3637;0.0911;0.1339;0.3129;0.0625;0.1938;0.388;
38000;0.5657;0.5652;0.8959;0.4607;0.6827;1.0561;0.7898;1.0741;1.2586;0.3358;0.3796;0.0831;0.1306;0.3231;0.0777;0.192;0.3788;
39000;0.5534;0.6472;0.8506;0.4434;0.8513;1.0536;0.8114;1.0991;1.3336;0.3421;0.4358;0.0881;0.1381;0.398;0.0803;0.2;0.3824;
40000;0.4854;0.5505;0.8429;0.5118;0.8025;1.1275;0.8085;1.0639;2.2073;0.3297;0.4047;0.0899;0.1659;0.3579;0.082;0.2151;0.4271;
41000;0.4371;0.6737;1.0277;0.484;1.0511;1.0856;0.8598;1.1678;1.4217;0.3512;0.6266;0.0869;0.1461;0.4991;0.0851;0.2209;0.4482;
42000;0.3632;0.5902;0.8299;0.5224;0.867;1.0487;0.8923;1.4438;1.6574;0.3541;0.4416;0.1243;0.185;0.3723;0.0733;0.2243;0.4575;
43000;0.5379;0.7052;0.8415;0.5266;0.8661;1.2452;0.8442;1.2799;1.3366;0.3648;0.5051;0.1339;0.2881;0.508;0.1026;0.263;0.439;
44000;0.4876;0.6188;0.8703;0.5262;0.9268;1.4149;0.9217;1.4231;1.3569;0.4322;0.5182;0.1307;0.2383;0.3892;0.0763;0.2423;0.4694;
45000;0.4485;0.6165;0.8874;0.5627;0.9145;1.3252;0.9425;1.29;1.87;0.3697;0.4713;0.0992;0.1644;0.4172;0.087;0.2281;0.4418;
46000;0.4176;0.6301;1.0119;0.6255;0.8771;1.2539;1.061;1.2572;1.55;0.3899;0.6221;0.1415;0.2827;0.5053;0.0812;0.2432;0.4667;
47000;0.4472;0.6497;0.9254;0.6068;0.8956;1.3579;1.0323;1.3827;1.7592;0.3987;0.4895;0.1161;0.2384;0.4208;0.0881;0.2842;0.4988;
48000;0.4496;0.6597;1.0552;0.6323;0.9672;1.4193;1.1034;1.3677;1.774;0.4134;0.4959;0.1762;0.2687;0.5565;0.0965;0.2562;0.5469;
49000;0.4581;0.7592;0.9774;0.6517;1.1295;1.3155;0.9991;1.4425;1.8426;0.4476;0.5072;0.1619;0.2601;0.4889;0.0906;0.2568;0.4914;
50000;0.4985;0.6981;0.9953;0.7483;1.0478;1.3144;1.1658;1.3966;1.7845;0.4383;0.5654;0.1196;0.2312;0.4361;0.091;0.2654;0.5102;
51000;0.6358;0.8614;1.2323;0.6812;1.0707;1.7707;1.1512;1.3929;1.8372;0.4359;0.549;0.1126;0.1899;0.4752;0.0972;0.2669;0.513;
52000;0.4855;0.7543;1.2617;0.712;1.2245;1.3846;1.1385;1.4375;1.9767;0.4351;0.5757;0.1133;0.2463;0.4761;0.0862;0.2728;0.5264;
53000;0.4928;0.7569;1.1641;0.6914;1.2859;1.4378;1.0933;1.6937;2.4228;0.4517;0.5633;0.1159;0.2138;0.462;0.0932;0.2859;0.5496;
54000;0.5946;0.8913;1.3851;0.7769;1.1928;1.5091;1.3201;1.9568;2.4099;0.4641;0.5499;0.1183;0.2262;0.477;0.091;0.2848;0.5791;
55000;0.5409;0.8383;1.1873;0.7352;1.216;1.7571;1.4339;1.5669;1.9544;0.5696;0.6068;0.161;0.2314;0.4484;0.1081;0.3097;0.5525;
56000;0.5557;0.7856;1.4569;0.7749;1.2435;1.4774;1.2942;1.6848;1.9122;0.495;0.5959;0.1884;0.3179;0.5129;0.0952;0.298;0.5684;
57000;0.5711;0.7848;1.1494;0.8124;1.3302;2.1197;1.3925;1.591;1.9089;0.5408;0.9008;0.1354;0.281;0.4978;0.1005;0.3093;0.6303;
58000;0.6743;0.8301;1.3795;0.8692;1.1412;1.6111;1.3671;2.1217;2.6143;0.4884;0.6139;0.1276;0.2537;0.5804;0.0984;0.3146;0.5993;
59000;0.5739;0.8589;1.7768;0.8075;1.3414;2.157;1.459;1.6917;1.9483;0.5171;0.6175;0.183;0.2993;0.5381;0.0989;0.3225;0.6451;
60000;0.5682;0.8512;1.5042;0.8453;1.3954;2.0664;1.5516;1.6994;2.323;0.5055;0.6223;0.1613;0.2674;0.585;0.125;0.33;0.6039;
61000;0.6618;1.129;1.5225;0.8917;1.4177;2.235;1.3275;1.8227;1.9513;0.5137;0.6369;0.1373;0.256;0.5433;0.1229;0.3917;0.624;
62000;0.6231;0.8549;1.2598;0.9713;1.3235;1.8664;1.624;1.787;2.1479;0.5259;0.6194;0.3253;0.3251;0.5842;0.1317;0.3521;0.6175;
63000;0.6126;0.9196;1.5113;0.9677;1.2947;2.9374;1.4793;2.4848;3.1831;0.5321;0.6852;0.1563;0.3007;0.5505;0.1285;0.3833;0.6663;
64000;0.6295;1.0157;1.2968;1.2111;1.5787;2.288;1.6319;1.9762;2.7971;0.5558;0.6697;0.1858;0.2927;0.5844;0.1085;0.3511;0.6475;
65000;0.6451;1.0076;2.2169;0.9229;1.4117;2.0391;1.6305;2.3207;2.8812;0.5706;0.7306;0.1507;0.2878;0.5349;0.1145;0.3533;0.7232;
66000;0.7861;2.0715;1.345;1.1808;1.468;2.7402;1.6247;2.2666;3.1339;0.5755;0.6854;0.2014;0.3054;0.5869;0.1101;0.3673;0.6745;
67000;0.6606;0.9922;1.3656;1.0047;1.5279;2.01;1.5811;2.2728;3.0009;0.6512;0.7271;0.1729;0.467;0.6851;0.141;0.3744;0.6962;
68000;0.6798;1.0733;1.4277;1.0252;1.6121;2.1199;1.7261;2.5199;3.1562;0.5873;0.697;0.1614;0.3005;0.5999;0.1176;0.3726;0.6785;
69000;0.7173;1.1959;1.7871;1.1165;1.4557;2.3681;1.9713;2.9817;3.1141;0.599;0.7676;0.1934;0.4056;0.687;0.1553;0.3938;0.7268;
70000;0.7085;1.1522;1.6347;1.0722;1.633;2.0778;1.7781;2.5495;3.2777;0.6098;0.8229;0.1961;0.4729;0.6302;0.118;0.4221;0.7046;
71000;0.7373;1.1216;1.614;1.1163;1.6537;2.3011;1.7008;2.4288;2.6119;0.6245;0.8747;0.2157;0.413;0.6608;0.1339;0.434;0.7233;
72000;0.8141;1.1104;1.5476;1.3609;1.7099;2.6549;1.6986;2.5136;2.807;0.6609;0.8489;0.1945;0.3963;0.6201;0.1378;0.5507;0.7839;
73000;0.8962;1.0448;1.5725;1.2037;1.9523;3.0534;2.0585;2.5667;2.7894;0.6471;0.9028;0.178;0.5499;0.7871;0.1357;0.459;0.7504;
74000;0.7722;1.0879;1.7602;1.1399;1.8555;2.2017;1.6824;2.6435;2.793;0.704;0.7622;0.2081;0.5035;0.6794;0.1472;0.4374;0.7969;
75000;0.7645;1.0717;2.5756;1.1944;2.0603;3.0566;2.0508;2.4548;3.2004;0.6376;0.8246;0.1891;0.3988;0.6818;0.1926;0.5351;1.0236;
76000;0.7939;1.1549;1.5865;1.2837;1.9283;2.5353;1.7983;2.6957;3.3115;0.854;0.9199;0.2194;0.3863;0.7012;0.142;0.4374;0.8436;
77000;0.8161;1.4813;2.1193;1.3807;2.3388;3.7265;1.858;2.7289;3.0331;0.6718;0.8675;0.1736;0.405;0.6972;0.1313;0.429;0.7899;
78000;0.8694;1.5636;1.5846;1.2418;2.1464;2.8104;1.8128;2.9613;4.9707;0.8747;1.0452;0.2458;0.3829;0.8547;0.1622;0.733;1.0986;
79000;0.7936;1.2705;2.274;1.2923;2.5136;3.6751;1.9669;3.7389;3.4889;0.7078;0.8503;0.2657;0.8133;0.7093;0.1466;0.4469;0.8079;
80000;0.8025;1.2489;2.0739;1.1772;1.8078;3.6434;2.3863;3.3126;3.0529;0.726;1.0586;0.1901;0.4196;0.7197;0.1465;0.4455;0.8192;
81000;0.9142;1.384;1.6993;1.504;2.2832;2.6174;2.1227;3.0245;3.5531;0.7524;1.0376;0.1934;0.5745;1.0669;0.1585;0.5522;0.9346;
82000;0.8176;1.4886;2.4798;1.326;3.1696;3.7114;2.1483;4.0452;3.7;0.697;0.8453;0.248;0.4967;0.7191;0.1485;0.5323;0.8784;
83000;0.8197;1.4029;1.779;1.8838;2.9649;2.9575;2.6189;3.554;4.5346;0.7553;1.0303;0.3969;0.795;0.8514;0.1473;0.4687;0.8569;
84000;0.8524;1.5656;2.1728;1.5343;2.59;6.19;2.1349;4.2116;3.4159;0.7132;0.8751;0.2172;0.4797;0.8123;0.1515;0.4927;0.9238;
85000;1.0068;1.3476;1.7341;1.3588;1.9803;2.7191;2.0204;4.5582;3.6965;0.7439;0.9357;0.2261;0.5513;0.792;0.1619;0.4731;0.8558;
86000;0.8738;1.2572;2.4158;1.3922;2.5977;3.1053;2.1072;3.5479;5.0606;0.7497;1.0735;0.2182;0.4553;0.7662;0.1559;0.5409;0.9904;
87000;0.882;1.3964;1.984;1.585;2.1123;3.3987;2.1418;3.8007;4.1233;0.7368;1.0138;0.2572;0.4706;0.7966;0.1677;0.5641;1.0288;
88000;0.8858;1.2457;1.8611;1.4212;2.1051;4.2943;2.0852;3.3911;3.6833;0.7807;0.9206;0.2318;0.5293;0.7309;0.1565;0.6011;0.9655;
89000;0.9603;1.5432;1.8409;1.5117;2.1174;3.515;2.4858;2.9949;3.6231;0.9013;0.9127;0.2659;0.438;0.7986;0.1646;0.5098;0.9468;
90000;1.0707;1.4067;1.9564;1.4725;2.1402;3.5836;2.708;3.8274;5.1156;0.8131;1.0056;0.2744;0.5199;0.8212;0.1766;0.6247;1.1556;
91000;0.9592;1.6685;2.9369;1.5469;2.2446;3.735;2.3808;3.1352;5.0429;0.7686;1.0988;0.2138;0.5007;0.7798;0.1606;0.6322;0.9488;
92000;1.0141;1.642;2.1821;1.5872;2.3918;3.4494;2.2744;3.8214;4.2868;0.8143;0.9617;0.2776;0.5522;0.8537;0.1724;0.5281;0.9417;
93000;1.0948;1.543;1.9934;1.703;2.3;4.74;2.4197;3.4042;5.6763;0.8218;1.0004;0.235;0.6308;0.7933;0.1742;0.5202;0.9134;
94000;1.0191;1.559;2.2791;1.8062;2.2828;4.729;2.4578;4.3181;6.887;1.2197;1.0412;0.2433;0.5566;0.9423;0.1758;0.6185;1.4585;
95000;0.9627;1.3438;2.2148;1.4741;2.5196;5.7955;2.4687;3.4647;5.6014;0.8415;1.0016;0.2471;0.4652;0.881;0.189;0.5291;0.9905;
96000;1.0446;1.8221;2.0244;1.5941;2.3634;5.5452;2.4553;4.0623;5.6636;0.977;1.0018;0.2311;0.6574;0.8761;0.1593;0.5182;0.9322;
97000;0.9669;1.7503;2.5057;1.7978;2.6117;4.0444;2.4958;4.8391;4.6623;0.9349;1.026;0.3511;0.6013;0.9195;0.1829;0.5539;1.0305;
98000;0.9841;1.5076;2.21;1.6901;2.3655;3.6321;2.6083;3.5063;4.2481;1.109;1.124;0.2603;0.4825;0.9669;0.1738;0.5207;0.975;
99000;1.0398;2.0281;2.1108;1.6168;2.6028;3.4951;2.5462;4.6311;5.1047;0.9076;1.1688;0.2657;0.5307;0.8237;0.1855;0.547;0.9832;
